,Global Mean Error,Root mean sq. error of local heat flux,Global fluctuations error,Root mean sq. error of local fluctuations
train,0.5259689801584855,27.6992397127041,-20.218681986912774,66.366535844002
validation,0.5173370840965784,28.14338824887665,-20.31086822561379,67.45382222448445
test,-0.07389842950124301,28.15343019738351,-20.234069267647165,67.44722574039291
